{"cameraMode":{"drawMode":0,"name":"Shaded","section":"Shading Mode"},"sceneLighting":false,"audioPlay":false,"sceneViewState":{"m_AlwaysRefresh":false,"showFog":true,"showSkybox":false,"showFlares":true,"showImageEffects":true,"showParticleSystems":true,"showVisualEffectGraphs":true,"m_FxEnabled":true},"in2DMode":false,"pivot":{"x":2.294600248336792,"y":-1.0667650699615479,"z":0.47113358974456789},"rotation":{"x":0.09573418647050858,"y":0.8704060316085815,"z":-0.18716859817504884,"w":0.44520795345306399},"size":1.6934826374053956,"orthographic":false}