{"cameraMode":{"drawMode":0,"name":"Shaded","section":"Shading Mode"},"sceneLighting":false,"audioPlay":false,"sceneViewState":{"m_AlwaysRefresh":false,"showFog":true,"showSkybox":false,"showFlares":true,"showImageEffects":true,"showParticleSystems":true,"showVisualEffectGraphs":true,"m_FxEnabled":true},"in2DMode":false,"pivot":{"x":-79.79476165771485,"y":29.62230682373047,"z":-1.2781410217285157},"rotation":{"x":-0.024278797209262849,"y":0.04887750744819641,"z":-0.001193789066746831,"w":-0.9985212683677673},"size":130.59164428710938,"orthographic":true}