{"cameraMode":{"drawMode":0,"name":"Shaded","section":"Shading Mode"},"sceneLighting":false,"audioPlay":false,"sceneViewState":{"m_AlwaysRefresh":false,"showFog":true,"showSkybox":false,"showFlares":true,"showImageEffects":true,"showParticleSystems":true,"showVisualEffectGraphs":true,"m_FxEnabled":true},"in2DMode":false,"pivot":{"x":-15.460025787353516,"y":53.733909606933597,"z":-4.1355133056640629},"rotation":{"x":-0.05362449958920479,"y":-0.7376623749732971,"z":0.058997053653001788,"w":-0.6704583168029785},"size":51.53477096557617,"orthographic":true}