{"cameraMode":{"drawMode":0,"name":"Shaded","section":"Shading Mode"},"sceneLighting":false,"audioPlay":false,"sceneViewState":{"m_AlwaysRefresh":false,"showFog":true,"showSkybox":false,"showFlares":true,"showImageEffects":true,"showParticleSystems":true,"showVisualEffectGraphs":true,"m_FxEnabled":true},"in2DMode":false,"pivot":{"x":1.6449999809265137,"y":1.4479999542236329,"z":1.9900002479553223},"rotation":{"x":-0.004508845042437315,"y":-0.9088281989097595,"z":0.009824610315263272,"w":-0.4170372188091278},"size":1.2315752506256104,"orthographic":true}