{"cameraMode":{"drawMode":0,"name":"Shaded","section":"Shading Mode"},"sceneLighting":false,"audioPlay":false,"sceneViewState":{"m_AlwaysRefresh":false,"showFog":true,"showSkybox":false,"showFlares":true,"showImageEffects":true,"showParticleSystems":true,"showVisualEffectGraphs":true,"m_FxEnabled":true},"in2DMode":false,"pivot":{"x":-1.7873989343643189,"y":-0.09957338869571686,"z":0.4080381989479065},"rotation":{"x":-0.024278797209262849,"y":0.04887750744819641,"z":-0.001193789066746831,"w":-0.9985212683677673},"size":1.6489111185073853,"orthographic":true}